{
  "v1": {
    "faithfulness": 0.8403333333333333,
    "answer_relevancy": 0.8866254806428491,
    "context_recall": 0.75,
    "context_precision": 0.9433333332548333
  },
  "v2": {
    "faithfulness": 0.6242857142857143,
    "answer_relevancy": 0.5977491834765238,
    "context_recall": 0.79,
    "context_precision": 0.9533333332538334
  },
  "comparison": {
    "faithfulness": {
      "v1": 0.8403333333333333,
      "v2": 0.6242857142857143
    },
    "answer_relevancy": {
      "v1": 0.8866254806428491,
      "v2": 0.5977491834765238
    },
    "context_recall": {
      "v1": 0.75,
      "v2": 0.79
    },
    "context_precision": {
      "v1": 0.9433333332548333,
      "v2": 0.9533333332538334
    }
  }
}